[
    {
        "ident": "03MCT",
        "latitude": 55.13666666666666,
        "longitude": -7.1913888888888895
    },
    {
        "ident": "24DUB",
        "latitude": 55.08388888888889,
        "longitude": -8.573888888888888
    },
    {
        "ident": "26DUB",
        "latitude": 55.170833333333334,
        "longitude": -8.461666666666666
    },
    {
        "ident": "31MCT",
        "latitude": 55.36555555555556,
        "longitude": -7.904722222222222
    },
    {
        "ident": "ABD01",
        "latitude": 57.178824999999996,
        "longitude": -2.1805916666666665
    },
    {
        "ident": "ABD04",
        "latitude": 57.163399999999996,
        "longitude": -2.1691555555555553
    },
    {
        "ident": "ABD07",
        "latitude": 57.08625,
        "longitude": -2.1121166666666666
    },
    {
        "ident": "ADN24",
        "latitude": 56.925555555555555,
        "longitude": -2.116388888888889
    },
    {
        "ident": "ADN25",
        "latitude": 57.248105555555554,
        "longitude": -2.232188888888889
    },
    {
        "ident": "ADN26",
        "latitude": 56.95963888888889,
        "longitude": -2.732755555555556
    },
    {
        "ident": "ADN30",
        "latitude": 56.822500000000005,
        "longitude": -2.0763888888888893
    },
    {
        "ident": "ADN40",
        "latitude": 56.65972222222222,
        "longitude": -2.013888888888889
    },
    {
        "ident": "ADN45",
        "latitude": 57.240225,
        "longitude": -2.220013888888889
    },
    {
        "ident": "ADN50",
        "latitude": 57.217261111111114,
        "longitude": -2.209238888888889
    },
    {
        "ident": "ADN63",
        "latitude": 57.30669722222222,
        "longitude": -2.2759
    },
    {
        "ident": "ATF05",
        "latitude": 57.179288888888884,
        "longitude": -2.1812777777777774
    },
    {
        "ident": "BCN05",
        "latitude": 51.808611111111105,
        "longitude": -3.2569444444444446
    },
    {
        "ident": "BCN06",
        "latitude": 51.64277777777778,
        "longitude": -3.2777777777777777
    },
    {
        "ident": "BCN10",
        "latitude": 51.891666666666666,
        "longitude": -3.2505555555555556
    },
    {
        "ident": "BCN15",
        "latitude": 51.78722222222222,
        "longitude": -3.6527777777777777
    },
    {
        "ident": "BCN23",
        "latitude": 51.81944444444445,
        "longitude": -3.861388888888889
    },
    {
        "ident": "BCN24",
        "latitude": 52.134166666666665,
        "longitude": -3.2325
    },
    {
        "ident": "BCN25",
        "latitude": 52.715,
        "longitude": -3.0341666666666667
    },
    {
        "ident": "BCN65",
        "latitude": 52.8075,
        "longitude": -3.106666666666667
    },
    {
        "ident": "BEL44",
        "latitude": 55.06083333333333,
        "longitude": -7.296111111111111
    },
    {
        "ident": "BEL45",
        "latitude": 55.250277777777775,
        "longitude": -7.033055555555555
    },
    {
        "ident": "BEL50",
        "latitude": 54.80305555555555,
        "longitude": -7.648888888888888
    },
    {
        "ident": "BEL54",
        "latitude": 54.30175277777777,
        "longitude": -4.815827777777778
    },
    {
        "ident": "BEL56",
        "latitude": 55.39805555555556,
        "longitude": -7.239722222222222
    },
    {
        "ident": "BEL66",
        "latitude": 54.47841944444445,
        "longitude": -8.085883333333333
    },
    {
        "ident": "BEL67",
        "latitude": 54.46564166666667,
        "longitude": -8.102825
    },
    {
        "ident": "BEL73",
        "latitude": 54.114269444444446,
        "longitude": -4.371697222222222
    },
    {
        "ident": "BEL76",
        "latitude": 55.348333333333336,
        "longitude": -8.091944444444445
    },
    {
        "ident": "BEL88",
        "latitude": 53.97833333333333,
        "longitude": -4.0472222222222225
    },
    {
        "ident": "BEL91",
        "latitude": 54.90555555555555,
        "longitude": -8.8025
    },
    {
        "ident": "BEL98",
        "latitude": 54.74333333333333,
        "longitude": -9.0375
    },
    {
        "ident": "BHD41",
        "latitude": 52.71055555555556,
        "longitude": -2.8875
    },
    {
        "ident": "BHD46",
        "latitude": 52.801111111111105,
        "longitude": -2.892777777777778
    },
    {
        "ident": "BHX00",
        "latitude": 52.4479,
        "longitude": -1.7437111111111112
    },
    {
        "ident": "BHX01",
        "latitude": 52.46275,
        "longitude": -1.75965
    },
    {
        "ident": "BHX04",
        "latitude": 52.522952777777775,
        "longitude": -1.8147166666666668
    },
    {
        "ident": "BHX07",
        "latitude": 52.35729444444445,
        "longitude": -1.624225
    },
    {
        "ident": "BHX15",
        "latitude": 52.595688888888894,
        "longitude": -1.881236111111111
    },
    {
        "ident": "BHX16",
        "latitude": 52.33795555555556,
        "longitude": -1.679111111111111
    },
    {
        "ident": "BHX17",
        "latitude": 52.33086666666667,
        "longitude": -1.7238027777777778
    },
    {
        "ident": "BHX24",
        "latitude": 52.578069444444445,
        "longitude": -1.9230472222222221
    },
    {
        "ident": "BHX31",
        "latitude": 52.566494444444444,
        "longitude": -1.9432777777777779
    },
    {
        "ident": "BHX45",
        "latitude": 52.381930555555556,
        "longitude": -1.6566222222222222
    },
    {
        "ident": "BHX56",
        "latitude": 52.34215555555556,
        "longitude": -1.663236111111111
    },
    {
        "ident": "BHX60",
        "latitude": 52.562236111111105,
        "longitude": -1.8506083333333334
    },
    {
        "ident": "BHX67",
        "latitude": 52.33276388888889,
        "longitude": -1.7067916666666667
    },
    {
        "ident": "BIG02",
        "latitude": 51.30092777777777,
        "longitude": 0.01151388888888889
    },
    {
        "ident": "BIG03",
        "latitude": 51.38303888888889,
        "longitude": 0.07335833333333333
    },
    {
        "ident": "BIG04",
        "latitude": 51.397975,
        "longitude": 0.08508055555555555
    },
    {
        "ident": "BIG05",
        "latitude": 51.34563055555556,
        "longitude": 0.04403611111111111
    },
    {
        "ident": "BIG07",
        "latitude": 51.43889444444444,
        "longitude": 0.10465277777777779
    },
    {
        "ident": "BIG17",
        "latitude": 51.43601944444444,
        "longitude": 0.11507222222222223
    },
    {
        "ident": "BIG30",
        "latitude": 51.75848333333333,
        "longitude": -0.37990277777777776
    },
    {
        "ident": "BIG31",
        "latitude": 51.728744444444445,
        "longitude": -0.8220666666666666
    },
    {
        "ident": "BIG40",
        "latitude": 51.79833333333333,
        "longitude": -0.7244444444444444
    },
    {
        "ident": "BIG41",
        "latitude": 51.19694444444444,
        "longitude": 1.1
    },
    {
        "ident": "BIG42",
        "latitude": 51.42270277777777,
        "longitude": 0.14963333333333334
    },
    {
        "ident": "BIG45",
        "latitude": 51.40036666666666,
        "longitude": 0.07970277777777778
    },
    {
        "ident": "BKY02",
        "latitude": 51.983925,
        "longitude": 0.11507500000000001
    },
    {
        "ident": "BKY03",
        "latitude": 52.039566666666666,
        "longitude": 0.05629166666666667
    },
    {
        "ident": "BKY05",
        "latitude": 51.90770555555555,
        "longitude": 0.085325
    },
    {
        "ident": "BKY06",
        "latitude": 52.08964166666667,
        "longitude": 0.064775
    },
    {
        "ident": "BKY07",
        "latitude": 52.10602777777778,
        "longitude": 0.04873611111111111
    },
    {
        "ident": "BKY08",
        "latitude": 51.858108333333334,
        "longitude": 0.09560833333333332
    },
    {
        "ident": "BKY10",
        "latitude": 51.96933055555556,
        "longitude": 0.2478388888888889
    },
    {
        "ident": "BKY14",
        "latitude": 51.894375,
        "longitude": 0.40625833333333333
    },
    {
        "ident": "BKY16",
        "latitude": 52.01761666666667,
        "longitude": 0.5049277777777778
    },
    {
        "ident": "BKY17",
        "latitude": 51.95691666666667,
        "longitude": 0.07130833333333333
    },
    {
        "ident": "BKY19",
        "latitude": 51.87381111111111,
        "longitude": 0.47985
    },
    {
        "ident": "BKY20",
        "latitude": 51.54086944444444,
        "longitude": -0.4823388888888889
    },
    {
        "ident": "BKY22",
        "latitude": 52.027322222222224,
        "longitude": 0.6657388888888889
    },
    {
        "ident": "BKY25",
        "latitude": 51.6002,
        "longitude": -0.2100138888888889
    },
    {
        "ident": "BKY26",
        "latitude": 51.97233333333334,
        "longitude": -0.06995
    },
    {
        "ident": "BKY50",
        "latitude": 51.973758333333336,
        "longitude": 0.1943111111111111
    },
    {
        "ident": "BKY51",
        "latitude": 52.01513333333333,
        "longitude": 0.4643638888888889
    },
    {
        "ident": "BKY55",
        "latitude": 51.975186111111114,
        "longitude": 0.19474444444444444
    },
    {
        "ident": "BKY60",
        "latitude": 51.56547222222222,
        "longitude": -0.3632916666666666
    },
    {
        "ident": "BKY67",
        "latitude": 51.97805555555556,
        "longitude": -0.0716
    },
    {
        "ident": "BKY70",
        "latitude": 52.05720833333333,
        "longitude": 0.30877499999999997
    },
    {
        "ident": "BKY71",
        "latitude": 52.06392777777778,
        "longitude": 0.33349999999999996
    },
    {
        "ident": "BKY80",
        "latitude": 51.858491666666666,
        "longitude": 0.09931388888888888
    },
    {
        "ident": "BKY97",
        "latitude": 51.85987777777778,
        "longitude": 0.013533333333333333
    },
    {
        "ident": "BKY98",
        "latitude": 51.79495,
        "longitude": -0.010566666666666667
    },
    {
        "ident": "BNN04",
        "latitude": 51.70328055555556,
        "longitude": -0.44895833333333335
    },
    {
        "ident": "BNN08",
        "latitude": 51.59626111111111,
        "longitude": -0.5015916666666667
    },
    {
        "ident": "BNN30",
        "latitude": 51.77605,
        "longitude": -0.5525333333333334
    },
    {
        "ident": "BNN60",
        "latitude": 51.62835,
        "longitude": -0.5163361111111111
    },
    {
        "ident": "BNN61",
        "latitude": 51.825988888888894,
        "longitude": -0.55535
    },
    {
        "ident": "BNN80",
        "latitude": 51.595761111111116,
        "longitude": -0.5052388888888889
    },
    {
        "ident": "BPK05",
        "latitude": 51.81254444444444,
        "longitude": -0.018516666666666667
    },
    {
        "ident": "BPK07",
        "latitude": 51.737386111111114,
        "longitude": 0.0801
    },
    {
        "ident": "BPK09",
        "latitude": 51.86275277777778,
        "longitude": 0.052180555555555556
    },
    {
        "ident": "BPK18",
        "latitude": 51.97556388888889,
        "longitude": 0.21182222222222225
    },
    {
        "ident": "BPK21",
        "latitude": 52.05,
        "longitude": -0.3938888888888889
    },
    {
        "ident": "BPK24",
        "latitude": 51.72624166666667,
        "longitude": -0.1777111111111111
    },
    {
        "ident": "BPK26",
        "latitude": 52.1275,
        "longitude": -0.46861111111111114
    },
    {
        "ident": "BPK86",
        "latitude": 51.76580277777778,
        "longitude": 0.07941666666666666
    },
    {
        "ident": "BZN01",
        "latitude": 51.74089166666667,
        "longitude": -1.6276472222222222
    },
    {
        "ident": "BZN02",
        "latitude": 51.7447,
        "longitude": -1.5502166666666668
    },
    {
        "ident": "BZN03",
        "latitude": 51.75338333333333,
        "longitude": -1.6835666666666667
    },
    {
        "ident": "BZN09",
        "latitude": 51.79426111111111,
        "longitude": -1.3737833333333334
    },
    {
        "ident": "BZN10",
        "latitude": 51.73488888888889,
        "longitude": -1.3631916666666668
    },
    {
        "ident": "BZN21",
        "latitude": 51.75568055555556,
        "longitude": -1.5485527777777777
    },
    {
        "ident": "BZN25",
        "latitude": 51.72627777777778,
        "longitude": -1.675822222222222
    },
    {
        "ident": "BZN26",
        "latitude": 51.75856666666667,
        "longitude": -1.535861111111111
    },
    {
        "ident": "BZN28",
        "latitude": 51.75960277777778,
        "longitude": -1.8173166666666667
    },
    {
        "ident": "BZN43",
        "latitude": 51.77659444444444,
        "longitude": -1.4380805555555556
    },
    {
        "ident": "BZN50",
        "latitude": 51.68965833333333,
        "longitude": -1.7961194444444444
    },
    {
        "ident": "BZN77",
        "latitude": 51.768575,
        "longitude": -1.4735166666666668
    },
    {
        "ident": "BZN97",
        "latitude": 51.75523611111111,
        "longitude": -1.5511305555555557
    },
    {
        "ident": "BZN98",
        "latitude": 51.7443,
        "longitude": -1.6155000000000002
    },
    {
        "ident": "BZN99",
        "latitude": 51.72433888888889,
        "longitude": -1.731975
    },
    {
        "ident": "CFD13",
        "latitude": 52.2625,
        "longitude": -0.4416666666666667
    },
    {
        "ident": "CFD33",
        "latitude": 52.35611111111111,
        "longitude": 0.16555555555555554
    },
    {
        "ident": "CGY02",
        "latitude": 53.103455555555556,
        "longitude": -0.11765833333333334
    },
    {
        "ident": "CGY04",
        "latitude": 53.11588888888889,
        "longitude": -0.06635277777777779
    },
    {
        "ident": "CGY09",
        "latitude": 53.146880555555555,
        "longitude": 0.06204166666666667
    },
    {
        "ident": "CGY20",
        "latitude": 53.21456944444445,
        "longitude": 0.34515555555555555
    },
    {
        "ident": "CLN10",
        "latitude": 51.786944444444444,
        "longitude": 1.432777777777778
    },
    {
        "ident": "CLN13",
        "latitude": 51.832794444444446,
        "longitude": 0.7989611111111111
    },
    {
        "ident": "CLN16",
        "latitude": 51.82904444444445,
        "longitude": 0.718538888888889
    },
    {
        "ident": "CLN21",
        "latitude": 51.82268611111112,
        "longitude": 0.5849111111111112
    },
    {
        "ident": "CLN23",
        "latitude": 52.10333333333333,
        "longitude": 1.6333333333333333
    },
    {
        "ident": "CLN28",
        "latitude": 51.813488888888884,
        "longitude": 0.39698611111111115
    },
    {
        "ident": "CLN33",
        "latitude": 52.24527777777778,
        "longitude": 1.7833333333333332
    },
    {
        "ident": "CLN42",
        "latitude": 52.367222222222225,
        "longitude": 1.9130555555555555
    },
    {
        "ident": "CPT11",
        "latitude": 51.62540833333333,
        "longitude": -1.0190916666666665
    },
    {
        "ident": "CPT27",
        "latitude": 51.644444444444446,
        "longitude": -1.9033333333333333
    },
    {
        "ident": "CPT30",
        "latitude": 51.98175277777778,
        "longitude": -1.3740194444444445
    },
    {
        "ident": "CPT37",
        "latitude": 51.70859444444445,
        "longitude": -2.139613888888889
    },
    {
        "ident": "CPT51",
        "latitude": 52.35731666666667,
        "longitude": -1.494613888888889
    },
    {
        "ident": "CPT53",
        "latitude": 52.389966666666666,
        "longitude": -1.5051972222222223
    },
    {
        "ident": "CSL39",
        "latitude": 52.401111111111106,
        "longitude": 2.2713888888888887
    },
    {
        "ident": "CSL47",
        "latitude": 52.39472222222222,
        "longitude": 2.5025
    },
    {
        "ident": "CTM03",
        "latitude": 52.75931944444444,
        "longitude": -0.5778833333333333
    },
    {
        "ident": "CTM08",
        "latitude": 52.837808333333335,
        "longitude": -0.5092277777777777
    },
    {
        "ident": "CTM11",
        "latitude": 52.87598055555556,
        "longitude": -0.45606111111111114
    },
    {
        "ident": "CTM15",
        "latitude": 52.75502222222222,
        "longitude": -0.6241027777777778
    },
    {
        "ident": "CTM25",
        "latitude": 52.76776666666667,
        "longitude": -0.6064583333333333
    },
    {
        "ident": "CTM46",
        "latitude": 52.71244166666667,
        "longitude": -0.7231388888888889
    },
    {
        "ident": "CTM66",
        "latitude": 52.82154722222223,
        "longitude": -0.3837277777777778
    },
    {
        "ident": "CWL01",
        "latitude": 53.03245277777778,
        "longitude": -0.4586388888888889
    },
    {
        "ident": "CWL06",
        "latitude": 53.05898611111111,
        "longitude": -0.32768055555555553
    },
    {
        "ident": "CWL09",
        "latitude": 53.03041388888889,
        "longitude": -0.23709166666666667
    },
    {
        "ident": "CWZ02",
        "latitude": 53.02551666666667,
        "longitude": -0.5404527777777778
    },
    {
        "ident": "CWZ15",
        "latitude": 53.026691666666665,
        "longitude": -0.5267861111111112
    },
    {
        "ident": "DCS19",
        "latitude": 54.94222222222222,
        "longitude": -3.7375000000000003
    },
    {
        "ident": "DCS20",
        "latitude": 55.05583333333333,
        "longitude": -3.3458333333333337
    },
    {
        "ident": "DCS36",
        "latitude": 55.14055555555556,
        "longitude": -4.100833333333333
    },
    {
        "ident": "DCS37",
        "latitude": 54.22777777777778,
        "longitude": -2.7061111111111114
    },
    {
        "ident": "DCS47",
        "latitude": 54.00277777777778,
        "longitude": -2.8088888888888888
    },
    {
        "ident": "DCS53",
        "latitude": 53.91111111111111,
        "longitude": -2.7425
    },
    {
        "ident": "DDE01",
        "latitude": 56.45292222222223,
        "longitude": -3.067102777777778
    },
    {
        "ident": "DDE02",
        "latitude": 56.453227777777784,
        "longitude": -3.097113888888889
    },
    {
        "ident": "DDE03",
        "latitude": 56.45352777777778,
        "longitude": -3.1271666666666667
    },
    {
        "ident": "DDE06",
        "latitude": 56.454572222222225,
        "longitude": -3.2382666666666666
    },
    {
        "ident": "DDE86",
        "latitude": 56.45491388888889,
        "longitude": -3.2773166666666667
    },
    {
        "ident": "DET02",
        "latitude": 51.83658611111111,
        "longitude": 0.5671972222222222
    },
    {
        "ident": "DET03",
        "latitude": 51.83683333333334,
        "longitude": 0.5822055555555555
    },
    {
        "ident": "DET04",
        "latitude": 51.35166666666667,
        "longitude": 0.5230555555555556
    },
    {
        "ident": "DET25",
        "latitude": 51.67453888888889,
        "longitude": 0.29315555555555556
    },
    {
        "ident": "DET29",
        "latitude": 51.55611111111111,
        "longitude": 1.271388888888889
    },
    {
        "ident": "DET30",
        "latitude": 51.74857222222222,
        "longitude": 0.23174444444444445
    },
    {
        "ident": "DND01",
        "latitude": 56.453636111111116,
        "longitude": -3.06705
    },
    {
        "ident": "DND03",
        "latitude": 56.455425000000005,
        "longitude": -3.1270555555555557
    },
    {
        "ident": "DND05",
        "latitude": 56.457325000000004,
        "longitude": -3.1918416666666665
    },
    {
        "ident": "DND08",
        "latitude": 56.45977222222223,
        "longitude": -3.2770333333333332
    },
    {
        "ident": "DND26",
        "latitude": 56.431377777777776,
        "longitude": -3.2745555555555557
    },
    {
        "ident": "DND50",
        "latitude": 56.400749999999995,
        "longitude": -3.260288888888889
    },
    {
        "ident": "DND51",
        "latitude": 56.405633333333334,
        "longitude": -3.2634444444444446
    },
    {
        "ident": "DND58",
        "latitude": 56.42658888888889,
        "longitude": -3.2731694444444446
    },
    {
        "ident": "DTY03",
        "latitude": 52.151944444444446,
        "longitude": -1.0466666666666669
    },
    {
        "ident": "DTY09",
        "latitude": 52.25040555555555,
        "longitude": -1.3293833333333334
    },
    {
        "ident": "DTY12",
        "latitude": 52.273694444444445,
        "longitude": -1.4013638888888889
    },
    {
        "ident": "DTY15",
        "latitude": 52.04111111111111,
        "longitude": -0.7841666666666667
    },
    {
        "ident": "DTY16",
        "latitude": 52.304677777777776,
        "longitude": -1.4974583333333333
    },
    {
        "ident": "DTY18",
        "latitude": 52.38786666666667,
        "longitude": -1.4661055555555556
    },
    {
        "ident": "DTY19",
        "latitude": 52.47978611111111,
        "longitude": -1.6237083333333333
    },
    {
        "ident": "DTY20",
        "latitude": 52.41086388888889,
        "longitude": -1.5054444444444444
    },
    {
        "ident": "DTY33",
        "latitude": 52.54304166666667,
        "longitude": -1.5471138888888887
    },
    {
        "ident": "DTY90",
        "latitude": 52.30137777777777,
        "longitude": -1.2575083333333332
    },
    {
        "ident": "DTY99",
        "latitude": 52.28420277777778,
        "longitude": -1.289586111111111
    },
    {
        "ident": "DUB41",
        "latitude": 53.470555555555556,
        "longitude": -5.1641666666666675
    },
    {
        "ident": "DUB43",
        "latitude": 53.669999999999995,
        "longitude": -5.147222222222223
    },
    {
        "ident": "DUB56",
        "latitude": 53.45722222222223,
        "longitude": -4.746666666666667
    },
    {
        "ident": "DUB76",
        "latitude": 53.43722222222222,
        "longitude": -4.190277777777778
    },
    {
        "ident": "DUB88",
        "latitude": 54.624427777777775,
        "longitude": -7.891444444444444
    },
    {
        "ident": "DVR10",
        "latitude": 51.14972222222222,
        "longitude": 1.6252777777777778
    },
    {
        "ident": "DVR11",
        "latitude": 51.26166666666666,
        "longitude": 1.1177777777777778
    },
    {
        "ident": "EAS05",
        "latitude": 50.865544444444446,
        "longitude": -1.3964583333333334
    },
    {
        "ident": "EAS15",
        "latitude": 50.931174999999996,
        "longitude": -1.3668888888888888
    },
    {
        "ident": "EAS70",
        "latitude": 50.82896666666667,
        "longitude": -1.341936111111111
    },
    {
        "ident": "FFA02",
        "latitude": 51.68281666666667,
        "longitude": -1.851188888888889
    },
    {
        "ident": "FFA04",
        "latitude": 51.67465833333333,
        "longitude": -1.6911611111111111
    },
    {
        "ident": "FFA05",
        "latitude": 51.67448333333333,
        "longitude": -1.6885000000000001
    },
    {
        "ident": "FFA10",
        "latitude": 51.66396666666667,
        "longitude": -1.5314666666666665
    },
    {
        "ident": "FFA14",
        "latitude": 51.711419444444445,
        "longitude": -2.1965888888888885
    },
    {
        "ident": "FFA15",
        "latitude": 51.68969444444444,
        "longitude": -1.3961861111111111
    },
    {
        "ident": "FFA16",
        "latitude": 51.684441666666665,
        "longitude": -1.7550555555555556
    },
    {
        "ident": "FFA26",
        "latitude": 51.7889,
        "longitude": -1.7242555555555557
    },
    {
        "ident": "FFA28",
        "latitude": 51.724355555555555,
        "longitude": -2.1935916666666664
    },
    {
        "ident": "FFA31",
        "latitude": 51.82274166666667,
        "longitude": -1.9400055555555555
    },
    {
        "ident": "FFA62",
        "latitude": 51.69301944444444,
        "longitude": -1.621863888888889
    },
    {
        "ident": "FFA79",
        "latitude": 51.741422222222226,
        "longitude": -1.4074277777777777
    },
    {
        "ident": "FFA82",
        "latitude": 51.724355555555555,
        "longitude": -1.4017416666666667
    },
    {
        "ident": "FFA87",
        "latitude": 51.70708611111112,
        "longitude": -1.397988888888889
    },
    {
        "ident": "GAM12",
        "latitude": 53.406666666666666,
        "longitude": -1.2169444444444446
    },
    {
        "ident": "GAM36",
        "latitude": 53.473888888888894,
        "longitude": -1.59
    },
    {
        "ident": "GOW14",
        "latitude": 56.20189444444445,
        "longitude": -4.39371388888889
    },
    {
        "ident": "GOW20",
        "latitude": 56.004622222222224,
        "longitude": -4.988127777777778
    },
    {
        "ident": "GOW34",
        "latitude": 56.17650555555555,
        "longitude": -4.678747222222222
    },
    {
        "ident": "GWC06",
        "latitude": 50.77388888888889,
        "longitude": -0.6697222222222222
    },
    {
        "ident": "HON06",
        "latitude": 52.45361944444445,
        "longitude": -1.6240416666666666
    },
    {
        "ident": "HON09",
        "latitude": 52.502091666666665,
        "longitude": -1.6041916666666667
    },
    {
        "ident": "HON13",
        "latitude": 52.14527777777778,
        "longitude": -1.553611111111111
    },
    {
        "ident": "HON14",
        "latitude": 52.269958333333335,
        "longitude": -1.5364499999999999
    },
    {
        "ident": "HON16",
        "latitude": 52.097500000000004,
        "longitude": -1.5288888888888887
    },
    {
        "ident": "HON17",
        "latitude": 52.58540555555556,
        "longitude": -1.9368277777777778
    },
    {
        "ident": "HON18",
        "latitude": 52.0575,
        "longitude": 1.7477777777777779
    },
    {
        "ident": "HON19",
        "latitude": 52.05,
        "longitude": -1.5041666666666667
    },
    {
        "ident": "HON20",
        "latitude": 52.625705555555555,
        "longitude": -1.985338888888889
    },
    {
        "ident": "HON21",
        "latitude": 52.62777777777778,
        "longitude": -1.972777777777778
    },
    {
        "ident": "HON28",
        "latitude": 52.73888888888889,
        "longitude": -2.1008333333333336
    },
    {
        "ident": "HON33",
        "latitude": 52.531641666666665,
        "longitude": -1.872286111111111
    },
    {
        "ident": "HON46",
        "latitude": 52.97944444444445,
        "longitude": -2.3736111111111113
    },
    {
        "ident": "HON96",
        "latitude": 52.158274999999996,
        "longitude": -1.373688888888889
    },
    {
        "ident": "HON97",
        "latitude": 52.50055555555556,
        "longitude": -1.6048194444444446
    },
    {
        "ident": "HON98",
        "latitude": 52.22035,
        "longitude": -1.4640111111111112
    },
    {
        "ident": "IBM01",
        "latitude": 52.43479444444444,
        "longitude": -1.7272111111111113
    },
    {
        "ident": "IBM07",
        "latitude": 52.35181666666667,
        "longitude": -1.6362055555555555
    },
    {
        "ident": "IBM51",
        "latitude": 52.37808888888889,
        "longitude": -1.6649749999999999
    },
    {
        "ident": "ING02",
        "latitude": 50.92111111111111,
        "longitude": 1.4666666666666668
    },
    {
        "ident": "IOM30",
        "latitude": 53.783541666666665,
        "longitude": -4.06715
    },
    {
        "ident": "IOM50",
        "latitude": 53.59444444444445,
        "longitude": -3.6122222222222224
    },
    {
        "ident": "IWQ05",
        "latitude": 53.74969166666667,
        "longitude": -2.8575666666666666
    },
    {
        "ident": "KSS04",
        "latitude": 57.62023333333333,
        "longitude": -3.671908333333333
    },
    {
        "ident": "KSS05",
        "latitude": 57.770405555555556,
        "longitude": -3.015702777777778
    },
    {
        "ident": "KSS07",
        "latitude": 57.60454722222222,
        "longitude": -3.726552777777778
    },
    {
        "ident": "KSS11",
        "latitude": 57.79004166666667,
        "longitude": -3.182533333333333
    },
    {
        "ident": "KSS14",
        "latitude": 57.44338055555555,
        "longitude": -3.696836111111111
    },
    {
        "ident": "KSS15",
        "latitude": 57.66193055555556,
        "longitude": -3.4858277777777777
    },
    {
        "ident": "KSS16",
        "latitude": 57.41251111111111,
        "longitude": -3.719788888888889
    },
    {
        "ident": "KSS20",
        "latitude": 57.56523333333333,
        "longitude": -3.8629611111111113
    },
    {
        "ident": "KSS24",
        "latitude": 57.522013888888885,
        "longitude": -3.8851638888888886
    },
    {
        "ident": "KSS25",
        "latitude": 57.54946666666667,
        "longitude": -3.9174444444444445
    },
    {
        "ident": "KSS39",
        "latitude": 57.85851388888889,
        "longitude": -3.0367916666666663
    },
    {
        "ident": "KSS42",
        "latitude": 57.745200000000004,
        "longitude": -3.2690555555555556
    },
    {
        "ident": "KSS43",
        "latitude": 57.69730277777777,
        "longitude": -3.1852166666666664
    },
    {
        "ident": "KSS44",
        "latitude": 57.69401944444444,
        "longitude": -3.3604611111111113
    },
    {
        "ident": "KSS45",
        "latitude": 57.711666666666666,
        "longitude": -3.4144305555555556
    },
    {
        "ident": "KSS55",
        "latitude": 57.81039166666666,
        "longitude": -3.144636111111111
    },
    {
        "ident": "KSS59",
        "latitude": 57.838686111111116,
        "longitude": -3.0868694444444444
    },
    {
        "ident": "KSS60",
        "latitude": 57.6577,
        "longitude": -3.5123
    },
    {
        "ident": "KSS75",
        "latitude": 57.68984722222222,
        "longitude": -3.3070027777777775
    },
    {
        "ident": "KSS94",
        "latitude": 57.639805555555554,
        "longitude": -3.6035333333333335
    },
    {
        "ident": "KSS99",
        "latitude": 57.74070277777778,
        "longitude": -2.997055555555556
    },
    {
        "ident": "LAM09",
        "latitude": 51.7808,
        "longitude": 0.25761388888888886
    },
    {
        "ident": "LAM12",
        "latitude": 51.67348055555555,
        "longitude": 0.4698055555555556
    },
    {
        "ident": "LAM27",
        "latitude": 51.95888888888889,
        "longitude": -0.3658333333333333
    },
    {
        "ident": "LAM37",
        "latitude": 52.07194444444445,
        "longitude": -0.5552777777777779
    },
    {
        "ident": "LBA01",
        "latitude": 53.84809722222222,
        "longitude": -1.6330472222222223
    },
    {
        "ident": "LBA04",
        "latitude": 53.91999166666666,
        "longitude": -1.7426527777777778
    },
    {
        "ident": "LBA05",
        "latitude": 53.793305555555555,
        "longitude": -1.5688305555555555
    },
    {
        "ident": "LBA06",
        "latitude": 53.94473333333333,
        "longitude": -1.7803666666666667
    },
    {
        "ident": "LBA07",
        "latitude": 53.76594166666667,
        "longitude": -1.536836111111111
    },
    {
        "ident": "LBA09",
        "latitude": 53.738569444444444,
        "longitude": -1.5048833333333334
    },
    {
        "ident": "LBA10",
        "latitude": 53.88285555555556,
        "longitude": -1.6861694444444444
    },
    {
        "ident": "LBA15",
        "latitude": 53.88938888888889,
        "longitude": -1.698425
    },
    {
        "ident": "LBA25",
        "latitude": 53.889047222222224,
        "longitude": -1.695575
    },
    {
        "ident": "LBA29",
        "latitude": 53.968130555555554,
        "longitude": -1.7790527777777778
    },
    {
        "ident": "LBA32",
        "latitude": 53.98182222222223,
        "longitude": -1.8370194444444445
    },
    {
        "ident": "LBA34",
        "latitude": 54.004583333333336,
        "longitude": -1.7597916666666666
    },
    {
        "ident": "LBA35",
        "latitude": 54.00245833333334,
        "longitude": -1.791972222222222
    },
    {
        "ident": "LBA50",
        "latitude": 53.92849722222222,
        "longitude": -1.7715972222222223
    },
    {
        "ident": "LBA55",
        "latitude": 53.93236388888889,
        "longitude": -1.7615055555555557
    },
    {
        "ident": "LBA56",
        "latitude": 53.76017777777778,
        "longitude": -1.5516972222222223
    },
    {
        "ident": "LBA60",
        "latitude": 53.93965277777777,
        "longitude": -1.792511111111111
    },
    {
        "ident": "LBA63",
        "latitude": 53.75347222222222,
        "longitude": -1.5738722222222221
    },
    {
        "ident": "LBA68",
        "latitude": 53.71802777777778,
        "longitude": -1.573436111111111
    },
    {
        "ident": "LBA70",
        "latitude": 53.950811111111115,
        "longitude": -1.8134472222222222
    },
    {
        "ident": "LBA75",
        "latitude": 53.97491388888889,
        "longitude": -1.75965
    },
    {
        "ident": "LBA77",
        "latitude": 53.95831388888889,
        "longitude": -1.800488888888889
    },
    {
        "ident": "LBA90",
        "latitude": 53.97311388888889,
        "longitude": -1.85535
    },
    {
        "ident": "LBA92",
        "latitude": 53.72615555555556,
        "longitude": -1.5398444444444443
    },
    {
        "ident": "LEE03",
        "latitude": 54.302838888888886,
        "longitude": -1.5430083333333333
    },
    {
        "ident": "LEE06",
        "latitude": 54.35188055555556,
        "longitude": -1.3939527777777778
    },
    {
        "ident": "LEE07",
        "latitude": 54.38825277777778,
        "longitude": -1.6071555555555557
    },
    {
        "ident": "LEE11",
        "latitude": 54.25456388888889,
        "longitude": -1.8412583333333334
    },
    {
        "ident": "LEE13",
        "latitude": 54.246747222222226,
        "longitude": -1.8965333333333334
    },
    {
        "ident": "LEE32",
        "latitude": 54.42796111111111,
        "longitude": -1.7562833333333334
    },
    {
        "ident": "LEE33",
        "latitude": 54.448255555555555,
        "longitude": -1.7140055555555556
    },
    {
        "ident": "LEE34",
        "latitude": 54.31141944444444,
        "longitude": -1.549911111111111
    },
    {
        "ident": "LEE39",
        "latitude": 54.46394166666667,
        "longitude": -1.6662888888888887
    },
    {
        "ident": "LF001",
        "latitude": 53.84795555555556,
        "longitude": -1.6333194444444445
    },
    {
        "ident": "LF004",
        "latitude": 53.811363888888884,
        "longitude": -1.5781583333333333
    },
    {
        "ident": "LF005",
        "latitude": 53.79896111111111,
        "longitude": -1.5594194444444445
    },
    {
        "ident": "LF007",
        "latitude": 53.77332222222222,
        "longitude": -1.5212666666666665
    },
    {
        "ident": "LF009",
        "latitude": 53.74919722222222,
        "longitude": -1.4843805555555556
    },
    {
        "ident": "LF090",
        "latitude": 53.84919722222222,
        "longitude": -1.6351916666666666
    },
    {
        "ident": "LIC19",
        "latitude": 53.0625,
        "longitude": -1.8391666666666668
    },
    {
        "ident": "LKH09",
        "latitude": 52.377675,
        "longitude": 0.7882666666666667
    },
    {
        "ident": "LKH24",
        "latitude": 52.301199999999994,
        "longitude": 0.23931388888888888
    },
    {
        "ident": "LKH30",
        "latitude": 52.30851944444444,
        "longitude": 1.3476527777777778
    },
    {
        "ident": "LKH31",
        "latitude": 52.473219444444446,
        "longitude": 0.39171944444444445
    },
    {
        "ident": "LKH99",
        "latitude": 52.64383055555555,
        "longitude": -0.012316666666666668
    },
    {
        "ident": "LND41",
        "latitude": 49.53,
        "longitude": -6.150833333333334
    },
    {
        "ident": "LND47",
        "latitude": 49.45611111111111,
        "longitude": -5.0325
    },
    {
        "ident": "LND58",
        "latitude": 49.23388888888889,
        "longitude": -6.143055555555556
    },
    {
        "ident": "LND66",
        "latitude": 49.17055555555555,
        "longitude": -6.448333333333333
    },
    {
        "ident": "LUK11",
        "latitude": 56.39914722222222,
        "longitude": -2.5373055555555553
    },
    {
        "ident": "LUK16",
        "latitude": 56.377655555555556,
        "longitude": -2.8212666666666664
    },
    {
        "ident": "LUK65",
        "latitude": 56.38911111111111,
        "longitude": -2.6710416666666665
    },
    {
        "ident": "LYD07",
        "latitude": 50.97833333333333,
        "longitude": 1.0408333333333335
    },
    {
        "ident": "LYD26",
        "latitude": 50.666666666666664,
        "longitude": 0.45555555555555555
    },
    {
        "ident": "LYE03",
        "latitude": 51.465830555555556,
        "longitude": -2.0291916666666667
    },
    {
        "ident": "LYE05",
        "latitude": 51.51668055555555,
        "longitude": -1.9696694444444445
    },
    {
        "ident": "LYE08",
        "latitude": 51.520355555555554,
        "longitude": -1.7794583333333334
    },
    {
        "ident": "LYE65",
        "latitude": 51.561230555555554,
        "longitude": -1.8258194444444444
    },
    {
        "ident": "LYE80",
        "latitude": 51.56902222222222,
        "longitude": -1.800675
    },
    {
        "ident": "MAC29",
        "latitude": 55.35888888888889,
        "longitude": -6.5
    },
    {
        "ident": "MAC30",
        "latitude": 55.55472222222222,
        "longitude": -6.5
    },
    {
        "ident": "MAC57",
        "latitude": 55.11666666666667,
        "longitude": -7.218888888888889
    },
    {
        "ident": "MAC89",
        "latitude": 54.66138888888889,
        "longitude": -7.840277777777778
    },
    {
        "ident": "MAM03",
        "latitude": 52.63025833333333,
        "longitude": 0.4760972222222222
    },
    {
        "ident": "MAM05",
        "latitude": 52.675486111111105,
        "longitude": 0.6820083333333333
    },
    {
        "ident": "MAM08",
        "latitude": 52.66300555555556,
        "longitude": 0.5851138888888889
    },
    {
        "ident": "MAM09",
        "latitude": 52.697966666666666,
        "longitude": 0.785125
    },
    {
        "ident": "MAM10",
        "latitude": 52.702825000000004,
        "longitude": 0.6797583333333332
    },
    {
        "ident": "MAM90",
        "latitude": 52.73274166666667,
        "longitude": 0.7556861111111111
    },
    {
        "ident": "May-13",
        "latitude": 51.05694444444444,
        "longitude": 0.4608333333333333
    },
    {
        "ident": "May-38",
        "latitude": 51.13138888888889,
        "longitude": 1.0822222222222222
    },
    {
        "ident": "MID10",
        "latitude": 51.01916666666666,
        "longitude": -0.8830555555555556
    },
    {
        "ident": "MID16",
        "latitude": 50.84527777777778,
        "longitude": -0.9047222222222222
    },
    {
        "ident": "MID23",
        "latitude": 50.69499999999999,
        "longitude": -0.3891666666666667
    },
    {
        "ident": "MID25",
        "latitude": 50.64805555555556,
        "longitude": -0.5358333333333333
    },
    {
        "ident": "MID28",
        "latitude": 50.666666666666664,
        "longitude": -0.21444444444444447
    },
    {
        "ident": "MID72",
        "latitude": 52.068333333333335,
        "longitude": -1.6744444444444444
    },
    {
        "ident": "MLD02",
        "latitude": 52.3916,
        "longitude": 0.5170444444444445
    },
    {
        "ident": "MLD03",
        "latitude": 52.35038333333333,
        "longitude": 0.5670916666666667
    },
    {
        "ident": "MLD10",
        "latitude": 52.35691111111111,
        "longitude": 0.5192333333333334
    },
    {
        "ident": "MLD11",
        "latitude": 52.39413611111111,
        "longitude": 0.16588055555555556
    },
    {
        "ident": "MLD12",
        "latitude": 52.358161111111116,
        "longitude": 0.5198416666666668
    },
    {
        "ident": "MLD13",
        "latitude": 52.36657777777778,
        "longitude": 0.4534
    },
    {
        "ident": "MLD20",
        "latitude": 52.50297777777778,
        "longitude": -0.006027777777777778
    },
    {
        "ident": "MLD21",
        "latitude": 52.314591666666665,
        "longitude": 0.8045416666666667
    },
    {
        "ident": "MLD23",
        "latitude": 52.25420277777778,
        "longitude": 0.18351388888888887
    },
    {
        "ident": "MLD25",
        "latitude": 52.28182777777778,
        "longitude": 0.16123888888888888
    },
    {
        "ident": "MLD29",
        "latitude": 52.45433888888889,
        "longitude": 0.16735555555555554
    },
    {
        "ident": "MLD30",
        "latitude": 52.44736944444444,
        "longitude": 0.19209166666666666
    },
    {
        "ident": "MLD31",
        "latitude": 52.34993333333333,
        "longitude": 0.5668777777777778
    },
    {
        "ident": "MLD32",
        "latitude": 52.47080833333334,
        "longitude": 0.70675
    },
    {
        "ident": "MLD55",
        "latitude": 52.33955277777778,
        "longitude": 0.632688888888889
    },
    {
        "ident": "MLD57",
        "latitude": 52.38345555555556,
        "longitude": 0.3368555555555555
    },
    {
        "ident": "MLD58",
        "latitude": 52.4808,
        "longitude": 0.7855361111111111
    },
    {
        "ident": "MLD59",
        "latitude": 52.54374166666666,
        "longitude": 0.9462222222222222
    },
    {
        "ident": "MLD62",
        "latitude": 52.31773333333334,
        "longitude": 0.33718888888888887
    },
    {
        "ident": "MLD74",
        "latitude": 52.34021666666667,
        "longitude": 0.6329833333333333
    },
    {
        "ident": "MLD77",
        "latitude": 52.32719166666667,
        "longitude": 0.6691805555555556
    },
    {
        "ident": "MLD82",
        "latitude": 52.392986111111114,
        "longitude": 0.27066666666666667
    },
    {
        "ident": "MLD96",
        "latitude": 52.37884444444445,
        "longitude": 0.32716388888888887
    },
    {
        "ident": "MLD98",
        "latitude": 52.24049166666667,
        "longitude": 0.7430083333333333
    },
    {
        "ident": "OCK11",
        "latitude": 51.60091666666667,
        "longitude": -0.3719583333333333
    },
    {
        "ident": "OCK13",
        "latitude": 51.60005,
        "longitude": -0.36367777777777777
    },
    {
        "ident": "PIK10",
        "latitude": 55.44724444444444,
        "longitude": -4.233580555555555
    },
    {
        "ident": "PIK12",
        "latitude": 55.392916666666665,
        "longitude": -4.277230555555556
    },
    {
        "ident": "PIK18",
        "latitude": 55.42050277777778,
        "longitude": -4.250786111111111
    },
    {
        "ident": "PLY49",
        "latitude": 50.37410555555556,
        "longitude": -3.9934972222222225
    },
    {
        "ident": "PLY51",
        "latitude": 50.373777777777775,
        "longitude": -3.9906944444444443
    },
    {
        "ident": "PLY55",
        "latitude": 50.41511944444444,
        "longitude": -4.088419444444444
    },
    {
        "ident": "POL02",
        "latitude": 53.60256944444445,
        "longitude": -1.9550333333333332
    },
    {
        "ident": "POL05",
        "latitude": 53.811225,
        "longitude": -2.1859916666666663
    },
    {
        "ident": "POL11",
        "latitude": 53.55777777777777,
        "longitude": -2.0302777777777776
    },
    {
        "ident": "POL21",
        "latitude": 54.08166666666667,
        "longitude": -1.9491666666666667
    },
    {
        "ident": "POL22",
        "latitude": 54.09527777777778,
        "longitude": -1.9958333333333333
    },
    {
        "ident": "POL35",
        "latitude": 53.18055555555555,
        "longitude": -1.8841666666666665
    },
    {
        "ident": "POL47",
        "latitude": 53.525277777777774,
        "longitude": -0.7897222222222222
    },
    {
        "ident": "POL57",
        "latitude": 53.46527777777778,
        "longitude": -0.5788888888888889
    },
    {
        "ident": "POL84",
        "latitude": 55.11564444444445,
        "longitude": -1.6748999999999998
    },
    {
        "ident": "PTH11",
        "latitude": 56.29333333333333,
        "longitude": -3.5613888888888887
    },
    {
        "ident": "PTH15",
        "latitude": 56.233333333333334,
        "longitude": -3.638611111111111
    },
    {
        "ident": "PTH24",
        "latitude": 56.763333333333335,
        "longitude": -2.968888888888889
    },
    {
        "ident": "PY005",
        "latitude": 50.414902777777776,
        "longitude": -4.090519444444444
    },
    {
        "ident": "PY008",
        "latitude": 50.37072777777778,
        "longitude": -3.905436111111111
    },
    {
        "ident": "PY030",
        "latitude": 50.39194722222222,
        "longitude": -4.034347222222222
    },
    {
        "ident": "R0073",
        "latitude": 52.364333333333335,
        "longitude": 0.468
    },
    {
        "ident": "R1322",
        "latitude": 51.338255555555556,
        "longitude": 0.03805
    },
    {
        "ident": "R2248",
        "latitude": 55.863475,
        "longitude": -4.449063888888889
    },
    {
        "ident": "R2292",
        "latitude": 51.4775,
        "longitude": -0.4850111111111111
    },
    {
        "ident": "R2293",
        "latitude": 51.46479166666667,
        "longitude": -0.48233611111111113
    },
    {
        "ident": "R2294",
        "latitude": 51.46495277777778,
        "longitude": -0.4340777777777778
    },
    {
        "ident": "R2295",
        "latitude": 51.477675000000005,
        "longitude": -0.43326111111111115
    },
    {
        "ident": "R2296",
        "latitude": 57.652877777777775,
        "longitude": -3.542286111111111
    },
    {
        "ident": "R2297",
        "latitude": 53.871430555555555,
        "longitude": -1.6690888888888888
    },
    {
        "ident": "R2298",
        "latitude": 53.86036388888889,
        "longitude": -1.6520694444444444
    },
    {
        "ident": "R2299",
        "latitude": 51.683,
        "longitude": -1.812
    },
    {
        "ident": "R2300",
        "latitude": 51.684,
        "longitude": -1.768
    },
    {
        "ident": "R2302",
        "latitude": 57.71535,
        "longitude": -3.322386111111111
    },
    {
        "ident": "R2303",
        "latitude": 55.515225,
        "longitude": -4.611461111111111
    },
    {
        "ident": "R2304",
        "latitude": 55.50241111111111,
        "longitude": -4.574480555555556
    },
    {
        "ident": "R2307",
        "latitude": 52.80185833333333,
        "longitude": -2.6680083333333333
    },
    {
        "ident": "R2308",
        "latitude": 52.744994444444444,
        "longitude": -0.6352861111111111
    },
    {
        "ident": "R2309",
        "latitude": 51.75388888888889,
        "longitude": -1.5617
    },
    {
        "ident": "R2310",
        "latitude": 50.435877777777776,
        "longitude": -4.982394444444444
    },
    {
        "ident": "R2314",
        "latitude": 53.17756388888888,
        "longitude": -0.5163055555555556
    },
    {
        "ident": "R2315",
        "latitude": 57.20955,
        "longitude": -2.203413888888889
    },
    {
        "ident": "R2316",
        "latitude": 57.19430277777777,
        "longitude": -2.1921638888888886
    },
    {
        "ident": "R2317",
        "latitude": 51.87705555555556,
        "longitude": 0.22288611111111112
    },
    {
        "ident": "R2318",
        "latitude": 51.895158333333335,
        "longitude": 0.25004444444444446
    },
    {
        "ident": "R2320",
        "latitude": 55.87808611111111,
        "longitude": -4.421772222222223
    },
    {
        "ident": "R2321",
        "latitude": 54.301944444444445,
        "longitude": -1.5426083333333331
    },
    {
        "ident": "R2322",
        "latitude": 50.4203,
        "longitude": -4.099724999999999
    },
    {
        "ident": "R2323",
        "latitude": 56.37634444444444,
        "longitude": -2.8402361111111114
    },
    {
        "ident": "R2324",
        "latitude": 52.402499999999996,
        "longitude": 0.5443333333333333
    },
    {
        "ident": "R2325",
        "latitude": 52.416333333333334,
        "longitude": 0.5776666666666667
    },
    {
        "ident": "R2327",
        "latitude": 50.95718611111111,
        "longitude": -1.3529444444444445
    },
    {
        "ident": "R2328",
        "latitude": 51.555322222222216,
        "longitude": -0.4082027777777778
    },
    {
        "ident": "R2329",
        "latitude": 51.512011111111114,
        "longitude": -1.9834555555555555
    },
    {
        "ident": "R2330",
        "latitude": 55.944988888888886,
        "longitude": -3.3872194444444443
    },
    {
        "ident": "R2331",
        "latitude": 55.9549,
        "longitude": -3.3579777777777777
    },
    {
        "ident": "R2337",
        "latitude": 52.20985833333334,
        "longitude": 0.1843611111111111
    },
    {
        "ident": "R2464",
        "latitude": 52.448625,
        "longitude": -1.7422166666666667
    },
    {
        "ident": "R2465",
        "latitude": 52.46318611111111,
        "longitude": -1.7584666666666666
    },
    {
        "ident": "R2534",
        "latitude": 53.748444444444445,
        "longitude": -2.8665083333333334
    },
    {
        "ident": "R2551",
        "latitude": 56.452466666666666,
        "longitude": -3.0371805555555556
    },
    {
        "ident": "R2558",
        "latitude": 51.62318611111111,
        "longitude": -1.094061111111111
    },
    {
        "ident": "R2637",
        "latitude": 54.516130555555556,
        "longitude": -1.41635
    },
    {
        "ident": "R2638",
        "latitude": 54.502205555555555,
        "longitude": -1.4424277777777779
    },
    {
        "ident": "R2706",
        "latitude": 59.88198888888889,
        "longitude": -1.2847638888888888
    },
    {
        "ident": "R2787",
        "latitude": 52.655405555555554,
        "longitude": 0.5674027777777778
    },
    {
        "ident": "R2896",
        "latitude": 53.25378333333333,
        "longitude": -4.546347222222222
    },
    {
        "ident": "R3060",
        "latitude": 52.35866666666667,
        "longitude": 0.5081666666666667
    },
    {
        "ident": "SAM02",
        "latitude": 50.98855277777778,
        "longitude": -1.3431583333333332
    },
    {
        "ident": "SAM03",
        "latitude": 51.00374444444444,
        "longitude": -1.3259333333333334
    },
    {
        "ident": "SAM05",
        "latitude": 51.03828055555555,
        "longitude": -1.3060472222222224
    },
    {
        "ident": "SAM06",
        "latitude": 50.96526111111111,
        "longitude": -1.3444472222222221
    },
    {
        "ident": "SAM07",
        "latitude": 51.06961666666667,
        "longitude": -1.2879749999999999
    },
    {
        "ident": "SAM11",
        "latitude": 51.132222222222225,
        "longitude": -1.2708333333333333
    },
    {
        "ident": "SAM12",
        "latitude": 51.07506666666667,
        "longitude": -1.3383611111111111
    },
    {
        "ident": "SAM24",
        "latitude": 51.07156944444445,
        "longitude": -1.298975
    },
    {
        "ident": "SAM25",
        "latitude": 50.84527777777778,
        "longitude": -1.9805555555555556
    },
    {
        "ident": "SAM30",
        "latitude": 51.00430277777778,
        "longitude": -1.3298972222222223
    },
    {
        "ident": "SAM31",
        "latitude": 51.05716388888889,
        "longitude": -1.2553555555555556
    },
    {
        "ident": "SAM35",
        "latitude": 50.90018055555555,
        "longitude": -1.3749972222222222
    },
    {
        "ident": "SAM36",
        "latitude": 50.8,
        "longitude": -2.238888888888889
    },
    {
        "ident": "SAM44",
        "latitude": 51.04966388888889,
        "longitude": -1.2390666666666668
    },
    {
        "ident": "SAM49",
        "latitude": 51.03994722222222,
        "longitude": -1.2216583333333335
    },
    {
        "ident": "SAM50",
        "latitude": 51.04179166666666,
        "longitude": -1.3402083333333332
    },
    {
        "ident": "SAM52",
        "latitude": 50.12166666666667,
        "longitude": -1.681111111111111
    },
    {
        "ident": "SAM53",
        "latitude": 51.060075,
        "longitude": -1.252788888888889
    },
    {
        "ident": "SAM70",
        "latitude": 50.82790000000001,
        "longitude": -1.4064805555555555
    },
    {
        "ident": "SAM83",
        "latitude": 51.05094722222222,
        "longitude": -1.2305555555555556
    },
    {
        "ident": "SAM91",
        "latitude": 50.839875,
        "longitude": -1.370613888888889
    },
    {
        "ident": "SAM93",
        "latitude": 50.93780555555555,
        "longitude": -1.3603277777777778
    },
    {
        "ident": "SAM94",
        "latitude": 50.86788888888889,
        "longitude": -1.4215250000000001
    },
    {
        "ident": "SAM95",
        "latitude": 50.78045,
        "longitude": -1.4977666666666667
    },
    {
        "ident": "SAM98",
        "latitude": 51.000483333333335,
        "longitude": -1.3226416666666667
    },
    {
        "ident": "SAM99",
        "latitude": 51.03369166666666,
        "longitude": -1.298136111111111
    },
    {
        "ident": "SED01",
        "latitude": 51.86357777777778,
        "longitude": 0.2004388888888889
    },
    {
        "ident": "SED04",
        "latitude": 51.827827777777784,
        "longitude": 0.14419444444444443
    },
    {
        "ident": "SED66",
        "latitude": 51.796755555555556,
        "longitude": 0.09558888888888889
    },
    {
        "ident": "SFD06",
        "latitude": 50.66339444444444,
        "longitude": 0.08496388888888888
    },
    {
        "ident": "SFD07",
        "latitude": 50.666666666666664,
        "longitude": 0.2425
    },
    {
        "ident": "SFD55",
        "latitude": 50.761944444444445,
        "longitude": -1.3377777777777777
    },
    {
        "ident": "SMG50",
        "latitude": 50.43875833333333,
        "longitude": -4.989977777777778
    },
    {
        "ident": "SMG51",
        "latitude": 50.391375,
        "longitude": -4.8642916666666665
    },
    {
        "ident": "STU05",
        "latitude": 51.97638888888889,
        "longitude": -6.109444444444444
    },
    {
        "ident": "STU30",
        "latitude": 51.76083333333333,
        "longitude": -6.036111111111111
    },
    {
        "ident": "STU39",
        "latitude": 51.78777777777778,
        "longitude": -6.045
    },
    {
        "ident": "STU40",
        "latitude": 51.95805555555556,
        "longitude": -6.103055555555555
    },
    {
        "ident": "STU57",
        "latitude": 51.55166666666666,
        "longitude": -6.407500000000001
    },
    {
        "ident": "STU61",
        "latitude": 51.52305555555555,
        "longitude": -6.498333333333333
    },
    {
        "ident": "SX001",
        "latitude": 51.906530555555555,
        "longitude": 0.2697888888888889
    },
    {
        "ident": "SX004",
        "latitude": 51.942299999999996,
        "longitude": 0.326025
    },
    {
        "ident": "SX066",
        "latitude": 51.97329444444445,
        "longitude": 0.3749638888888889
    },
    {
        "ident": "TLA08",
        "latitude": 55.3775,
        "longitude": -3.2625
    },
    {
        "ident": "TLA09",
        "latitude": 55.34935,
        "longitude": -3.352777777777778
    },
    {
        "ident": "TLA10",
        "latitude": 55.347141666666666,
        "longitude": -3.2340416666666667
    },
    {
        "ident": "TLA24",
        "latitude": 55.12777777777778,
        "longitude": -3.0786111111111114
    },
    {
        "ident": "TLA25",
        "latitude": 55.348125,
        "longitude": -2.670947222222222
    },
    {
        "ident": "TLA43",
        "latitude": 56.2,
        "longitude": -3.180833333333333
    },
    {
        "ident": "TLA54",
        "latitude": 56.38611111111111,
        "longitude": -3.1341666666666668
    },
    {
        "ident": "TNT18",
        "latitude": 52.75546388888889,
        "longitude": -1.6269666666666667
    },
    {
        "ident": "TNT19",
        "latitude": 52.740030555555556,
        "longitude": -1.7334944444444444
    },
    {
        "ident": "TNT23",
        "latitude": 52.67394722222222,
        "longitude": -1.7467444444444444
    },
    {
        "ident": "TNT25",
        "latitude": 53.41138888888889,
        "longitude": -1.2094444444444443
    },
    {
        "ident": "TNT26",
        "latitude": 52.624383333333334,
        "longitude": -1.7566555555555556
    },
    {
        "ident": "TNT30",
        "latitude": 52.55649722222222,
        "longitude": -1.5986027777777778
    },
    {
        "ident": "TNT41",
        "latitude": 53.35805555555556,
        "longitude": -0.6558333333333334
    },
    {
        "ident": "TRN01",
        "latitude": 55.4837,
        "longitude": -4.5255
    },
    {
        "ident": "TRN04",
        "latitude": 55.46592777777778,
        "longitude": -4.476358333333334
    },
    {
        "ident": "TRN07",
        "latitude": 55.522,
        "longitude": -4.6283
    },
    {
        "ident": "TRN08",
        "latitude": 55.44186388888888,
        "longitude": -4.7233
    },
    {
        "ident": "TRN09",
        "latitude": 55.392466666666664,
        "longitude": -4.560822222222222
    },
    {
        "ident": "TRN10",
        "latitude": 55.41187222222222,
        "longitude": -4.328774999999999
    },
    {
        "ident": "TRN12",
        "latitude": 55.418755555555556,
        "longitude": -4.486269444444445
    },
    {
        "ident": "TRN13",
        "latitude": 55.38478333333333,
        "longitude": -4.255147222222222
    },
    {
        "ident": "TRN29",
        "latitude": 55.541736111111106,
        "longitude": -4.682505555555556
    },
    {
        "ident": "TRN31",
        "latitude": 55.47399166666667,
        "longitude": -4.708088888888889
    },
    {
        "ident": "TRN51",
        "latitude": 55.55824444444444,
        "longitude": -4.867888888888889
    },
    {
        "ident": "TRN60",
        "latitude": 55.5692,
        "longitude": -4.759455555555555
    },
    {
        "ident": "TRN61",
        "latitude": 55.53066666666667,
        "longitude": -4.931033333333334
    },
    {
        "ident": "TRN70",
        "latitude": 55.51476944444445,
        "longitude": -4.610538888888889
    },
    {
        "ident": "TRN85",
        "latitude": 55.50926944444444,
        "longitude": -4.851005555555555
    },
    {
        "ident": "TRN91",
        "latitude": 55.41999166666666,
        "longitude": -4.350886111111111
    },
    {
        "ident": "TRN95",
        "latitude": 55.499630555555555,
        "longitude": -4.909913888888889
    },
    {
        "ident": "VYL01",
        "latitude": 53.365877777777776,
        "longitude": -4.824130555555556
    },
    {
        "ident": "VYL06",
        "latitude": 53.32174722222223,
        "longitude": -4.669197222222222
    },
    {
        "ident": "VYL10",
        "latitude": 53.36708333333333,
        "longitude": -4.750655555555555
    },
    {
        "ident": "VYL11",
        "latitude": 53.2647,
        "longitude": -4.5675
    },
    {
        "ident": "VYL12",
        "latitude": 53.08983055555556,
        "longitude": -4.724802777777778
    },
    {
        "ident": "VYL20",
        "latitude": 53.23874166666667,
        "longitude": -3.9901222222222223
    },
    {
        "ident": "VYL28",
        "latitude": 53.28543611111111,
        "longitude": -4.604144444444444
    },
    {
        "ident": "VYL65",
        "latitude": 53.327844444444445,
        "longitude": -4.355558333333333
    },
    {
        "ident": "VYL80",
        "latitude": 52.927077777777775,
        "longitude": -4.477016666666667
    },
    {
        "ident": "WAD01",
        "latitude": 53.14948888888889,
        "longitude": -0.5351333333333333
    },
    {
        "ident": "WAD03",
        "latitude": 53.11612777777778,
        "longitude": -0.5406277777777778
    },
    {
        "ident": "WAD07",
        "latitude": 53.27161111111111,
        "longitude": -0.4542805555555556
    },
    {
        "ident": "WAD08",
        "latitude": 53.188088888888885,
        "longitude": -0.5092694444444444
    },
    {
        "ident": "WAD20",
        "latitude": 53.140855555555554,
        "longitude": -0.5642361111111112
    },
    {
        "ident": "WAD27",
        "latitude": 53.36131666666667,
        "longitude": -0.3947638888888889
    },
    {
        "ident": "WAD35",
        "latitude": 53.21857777777778,
        "longitude": -0.4875777777777778
    },
    {
        "ident": "WAD45",
        "latitude": 53.32427222222223,
        "longitude": -0.28205555555555556
    },
    {
        "ident": "WAL05",
        "latitude": 52.983333333333334,
        "longitude": -3.1666666666666665
    },
    {
        "ident": "WAL15",
        "latitude": 53.129444444444445,
        "longitude": -3.1552777777777776
    },
    {
        "ident": "WAL16",
        "latitude": 53.546388888888885,
        "longitude": -3.4980555555555557
    },
    {
        "ident": "WAL21",
        "latitude": 53.418055555555554,
        "longitude": -3.7175000000000002
    },
    {
        "ident": "WAL26",
        "latitude": 53.42388888888889,
        "longitude": -3.856666666666667
    },
    {
        "ident": "WAL33",
        "latitude": 53.06666666666667,
        "longitude": -2.411388888888889
    },
    {
        "ident": "WAL35",
        "latitude": 52.80972222222222,
        "longitude": -3.1805555555555554
    },
    {
        "ident": "WAL41",
        "latitude": 52.975833333333334,
        "longitude": -2.2130555555555556
    },
    {
        "ident": "WAL48",
        "latitude": 53.53472222222222,
        "longitude": -1.8211111111111111
    },
    {
        "ident": "WAL57",
        "latitude": 52.81583333333333,
        "longitude": -1.8675
    },
    {
        "ident": "WIK10",
        "latitude": 58.30416666666667,
        "longitude": -2.9847222222222225
    },
    {
        "ident": "WIT02",
        "latitude": 52.61711666666667,
        "longitude": -0.4461833333333334
    },
    {
        "ident": "WIT04",
        "latitude": 52.61123055555556,
        "longitude": -0.6079472222222222
    },
    {
        "ident": "WIT10",
        "latitude": 52.65374166666667,
        "longitude": -0.23578055555555555
    },
    {
        "ident": "WIT12",
        "latitude": 52.662838888888885,
        "longitude": -0.18312499999999998
    },
    {
        "ident": "WIT40",
        "latitude": 52.604475,
        "longitude": -0.389525
    },
    {
        "ident": "WIT95",
        "latitude": 52.59731666666667,
        "longitude": -0.17116944444444443
    },
    {
        "ident": "WOD25",
        "latitude": 51.146388888888886,
        "longitude": -0.4305555555555556
    },
    {
        "ident": "WQ007",
        "latitude": 53.78331388888889,
        "longitude": -2.6840583333333337
    },
    {
        "ident": "WTN01",
        "latitude": 53.737994444444446,
        "longitude": -2.920625
    },
    {
        "ident": "WTN05",
        "latitude": 53.72851666666667,
        "longitude": -3.0317333333333334
    },
    {
        "ident": "WTN13",
        "latitude": 53.83771111111111,
        "longitude": -3.219047222222222
    },
    {
        "ident": "WTN26",
        "latitude": 53.70925555555556,
        "longitude": -3.253797222222222
    },
    {
        "ident": "WTN27",
        "latitude": 53.735569444444444,
        "longitude": -3.2576111111111112
    },
    {
        "ident": "WTN30",
        "latitude": 53.85261111111111,
        "longitude": -3.2693666666666665
    },
    {
        "ident": "WTN95",
        "latitude": 53.72385555555556,
        "longitude": -2.627702777777778
    },
    {
        "ident": "WTZ25",
        "latitude": 52.224722222222226,
        "longitude": 1.6025
    },
    {
        "ident": "WTZ37",
        "latitude": 52.07972222222222,
        "longitude": 1.9472222222222222
    },
    {
        "ident": "GDA08",
        "latitude": 54.366819444444445,
        "longitude": 18.506430555555557
    },
    {
        "ident": "GDA09",
        "latitude": 54.32009722222222,
        "longitude": 18.682705555555557
    },
    {
        "ident": "GDA38",
        "latitude": 54.346186111111116,
        "longitude": 18.584141666666664
    },
    {
        "ident": "KRT19",
        "latitude": 54.270825,
        "longitude": 18.74888888888889
    },
    {
        "ident": "KRT91",
        "latitude": 54.28317777777778,
        "longitude": 18.713455555555555
    },
    {
        "ident": "KRW08",
        "latitude": 50.08156944444445,
        "longitude": 19.81598888888889
    },
    {
        "ident": "KRW38",
        "latitude": 50.09142777777778,
        "longitude": 19.892116666666666
    },
    {
        "ident": "KRW58",
        "latitude": 50.09767777777778,
        "longitude": 19.942975
    },
    {
        "ident": "KRW99",
        "latitude": 50.15701388888889,
        "longitude": 20.032966666666667
    },
    {
        "ident": "LAW08",
        "latitude": 52.419,
        "longitude": 17.0706
    },
    {
        "ident": "NKA10",
        "latitude": 52.20400277777778,
        "longitude": 17.165999999999997
    },
    {
        "ident": "NKA53",
        "latitude": 52.282672222222224,
        "longitude": 17.101311111111112
    },
    {
        "ident": "OKE06",
        "latitude": 52.28806111111111,
        "longitude": 20.87978888888889
    },
    {
        "ident": "OKE08",
        "latitude": 52.16321666666666,
        "longitude": 20.978913888888886
    },
    {
        "ident": "OKE13",
        "latitude": 52.03069722222222,
        "longitude": 21.093241666666664
    },
    {
        "ident": "OKE14",
        "latitude": 52.04908888888889,
        "longitude": 21.30573888888889
    },
    {
        "ident": "OKE22",
        "latitude": 52.181916666666666,
        "longitude": 20.90387222222222
    },
    {
        "ident": "OKE24",
        "latitude": 52.246583333333334,
        "longitude": 20.907980555555554
    },
    {
        "ident": "OKE26",
        "latitude": 52.02466666666667,
        "longitude": 21.266680555555556
    },
    {
        "ident": "OKE27",
        "latitude": 52.147669444444446,
        "longitude": 21.02368611111111
    },
    {
        "ident": "OKE30",
        "latitude": 52.46223055555556,
        "longitude": 20.760766666666665
    },
    {
        "ident": "OKE32",
        "latitude": 52.38481111111111,
        "longitude": 20.8138
    },
    {
        "ident": "OKE49",
        "latitude": 52.09953055555556,
        "longitude": 21.02743611111111
    },
    {
        "ident": "OKE62",
        "latitude": 52.13823055555555,
        "longitude": 20.990333333333336
    },
    {
        "ident": "OKE67",
        "latitude": 52.214938888888895,
        "longitude": 20.750494444444445
    },
    {
        "ident": "OKE75",
        "latitude": 52.09517777777778,
        "longitude": 21.174269444444445
    },
    {
        "ident": "OL021",
        "latitude": 53.57785555555556,
        "longitude": 14.915783333333334
    },
    {
        "ident": "POZ09",
        "latitude": 52.4139,
        "longitude": 16.8611
    },
    {
        "ident": "POZ26",
        "latitude": 52.40521666666667,
        "longitude": 16.904627777777776
    },
    {
        "ident": "POZ63",
        "latitude": 52.3856,
        "longitude": 17.0
    },
    {
        "ident": "R0007",
        "latitude": 52.326711111111116,
        "longitude": 16.982666666666663
    },
    {
        "ident": "R1294",
        "latitude": 53.577377777777784,
        "longitude": 14.916466666666667
    },
    {
        "ident": "R1850",
        "latitude": 54.37126666666667,
        "longitude": 18.49171666666667
    },
    {
        "ident": "R1851",
        "latitude": 51.098961111111116,
        "longitude": 16.89795833333333
    },
    {
        "ident": "R1852",
        "latitude": 52.418175,
        "longitude": 16.841094444444444
    },
    {
        "ident": "R1853",
        "latitude": 52.171477777777774,
        "longitude": 20.946722222222224
    },
    {
        "ident": "R1854",
        "latitude": 52.149363888888885,
        "longitude": 20.98143888888889
    },
    {
        "ident": "R1855",
        "latitude": 50.07978888888889,
        "longitude": 19.799644444444446
    },
    {
        "ident": "SZC08",
        "latitude": 53.5702,
        "longitude": 14.93
    },
    {
        "ident": "SZC28",
        "latitude": 53.448699999999995,
        "longitude": 15.0734
    },
    {
        "ident": "SZC38",
        "latitude": 53.537886111111106,
        "longitude": 14.993247222222221
    },
    {
        "ident": "SZC62",
        "latitude": 53.51173333333333,
        "longitude": 15.043908333333333
    },
    {
        "ident": "SZC81",
        "latitude": 53.49101388888889,
        "longitude": 15.083969444444445
    },
    {
        "ident": "SZC86",
        "latitude": 53.4679,
        "longitude": 15.065100000000001
    },
    {
        "ident": "SZC92",
        "latitude": 53.47901388888889,
        "longitude": 15.107141666666667
    },
    {
        "ident": "WA008",
        "latitude": 52.139041666666664,
        "longitude": 20.990202777777778
    },
    {
        "ident": "WA032",
        "latitude": 52.10215277777778,
        "longitude": 21.02148611111111
    },
    {
        "ident": "WA052",
        "latitude": 52.072636111111116,
        "longitude": 21.046475
    },
    {
        "ident": "WAS08",
        "latitude": 52.176180555555554,
        "longitude": 20.931930555555557
    },
    {
        "ident": "WAS38",
        "latitude": 52.19758888888889,
        "longitude": 20.858569444444445
    },
    {
        "ident": "WAS67",
        "latitude": 52.21821666666667,
        "longitude": 20.787513888888892
    },
    {
        "ident": "WRO38",
        "latitude": 51.07137222222222,
        "longitude": 16.983472222222222
    },
    {
        "ident": "WRO59",
        "latitude": 51.055588888888884,
        "longitude": 17.032983333333334
    },
    {
        "ident": "WRO91",
        "latitude": 50.9972,
        "longitude": 17.0706
    }
]