[
  {
    "name": "ABERDEEN/DYCE",
    "icao": "EGPD",
    "location": {
      "latitude": 57.2022265,
      "longitude": -2.2017357
    }
  },
  {
    "name": "ALDERNEY",
    "icao": "EGJA",
    "location": {
      "latitude": 49.7069418,
      "longitude": -2.2144986
    }
  },
  {
    "name": "ANDREWSFIELD",
    "icao": "EGSL",
    "location": {
      "latitude": 51.8960194,
      "longitude": 0.4530446
    }
  },
  {
    "name": "BARRA",
    "icao": "EGPR",
    "location": {
      "latitude": 57.0250086,
      "longitude": -7.4475248
    }
  },
  {
    "name": "BELFAST ALDERGROVE",
    "icao": "EGAA",
    "location": {
      "latitude": 54.6526564,
      "longitude": -6.2287441
    }
  },
  {
    "name": "BELFAST/CITY",
    "icao": "EGAC",
    "location": {
      "latitude": 54.6203294,
      "longitude": -5.8698194
    }
  },
  {
    "name": "BENBECULA",
    "icao": "EGPL",
    "location": {
      "latitude": 57.4807797,
      "longitude": -7.3652749
    }
  },
  {
    "name": "BIGGIN HILL",
    "icao": "EGKB",
    "location": {
      "latitude": 51.3305025,
      "longitude": 0.03236
    }
  },
  {
    "name": "BIRMINGHAM",
    "icao": "EGBB",
    "location": {
      "latitude": 52.4541848,
      "longitude": -1.7438663
    }
  },
  {
    "name": "BLACKBUSHE",
    "icao": "EGLK",
    "location": {
      "latitude": 51.3242142,
      "longitude": -0.845141
    }
  },
  {
    "name": "BLACKPOOL",
    "icao": "EGNH",
    "location": {
      "latitude": 53.7732288,
      "longitude": -3.0371901
    }
  },
  {
    "name": "BOURNEMOUTH",
    "icao": "EGHH",
    "location": {
      "latitude": 50.7823802,
      "longitude": -1.8399201
    }
  },
  {
    "name": "BRISTOL",
    "icao": "EGGD",
    "location": {
      "latitude": 51.38297,
      "longitude": -2.7186238
    }
  },
  {
    "name": "CAERNARFON",
    "icao": "EGCK",
    "location": {
      "latitude": 53.1070845,
      "longitude": -4.3380352
    }
  },
  {
    "name": "CAMBRIDGE",
    "icao": "EGSC",
    "location": {
      "latitude": 52.204426,
      "longitude": 0.1746756
    }
  },
  {
    "name": "CAMPBELTOWN",
    "icao": "EGEC",
    "location": {
      "latitude": 55.4371893,
      "longitude": -5.6844698
    }
  },
  {
    "name": "CARDIFF",
    "icao": "EGFF",
    "location": {
      "latitude": 51.3978501,
      "longitude": -3.3445821
    }
  },
  {
    "name": "CHALGROVE",
    "icao": "EGLJ",
    "location": {
      "latitude": 51.6767625,
      "longitude": -1.0847048
    }
  },
  {
    "name": "CHICHESTER/GOODWOOD",
    "icao": "EGHR",
    "location": {
      "latitude": 50.8595416,
      "longitude": -0.7583854
    }
  },
  {
    "name": "COLL",
    "icao": "EGEL",
    "location": {
      "latitude": 56.6013327,
      "longitude": -6.618063
    }
  },
  {
    "name": "COLONSAY",
    "icao": "EGEY",
    "location": {
      "latitude": 56.0576378,
      "longitude": -6.2432053
    }
  },
  {
    "name": "COMPTON ABBAS",
    "icao": "EGHA",
    "location": {
      "latitude": 50.9670888,
      "longitude": -2.1530769
    }
  },
  {
    "name": "COVENTRY",
    "icao": "EGBE",
    "location": {
      "latitude": 52.3700591,
      "longitude": -1.4812023
    }
  },
  {
    "name": "CRANFIELD",
    "icao": "EGTC",
    "location": {
      "latitude": 52.0721617,
      "longitude": -0.6200462
    }
  },
  {
    "name": "CUMBERNAULD",
    "icao": "EGPG",
    "location": {
      "latitude": 55.974589,
      "longitude": -3.9737614
    }
  },
  {
    "name": "DENHAM",
    "icao": "EGLD",
    "location": {
      "latitude": 51.5888822,
      "longitude": -0.5135171
    }
  },
  {
    "name": "DERBY",
    "icao": "EGBD",
    "location": {
      "latitude": 52.8596773,
      "longitude": -1.6153946
    }
  },
  {
    "name": "DONCASTER SHEFFIELD",
    "icao": "EGCN",
    "location": {
      "latitude": 53.4805356,
      "longitude": -1.0095051
    }
  },
  {
    "name": "DUNDEE",
    "icao": "EGPN",
    "location": {
      "latitude": 56.4526716,
      "longitude": -3.0260404
    }
  },
  {
    "name": "DUNKESWELL",
    "icao": "EGTU",
    "location": {
      "latitude": 50.8623368,
      "longitude": -3.2346841
    }
  },
  {
    "name": "DUXFORD",
    "icao": "EGSU",
    "location": {
      "latitude": 52.0938185,
      "longitude": 0.1311651
    }
  },
  {
    "name": "EARLS COLNE",
    "icao": "EGSR",
    "location": {
      "latitude": 51.9143982,
      "longitude": 0.6825
    }
  },
  {
    "name": "EAST MIDLANDS",
    "icao": "EGNX",
    "location": {
      "latitude": 52.8280865,
      "longitude": -1.3326695
    }
  },
  {
    "name": "EDAY",
    "icao": "EGED",
    "location": {
      "latitude": 59.1916779,
      "longitude": -2.7696008
    }
  },
  {
    "name": "EDINBURGH",
    "icao": "EGPH",
    "location": {
      "latitude": 55.9501289,
      "longitude": -3.359508
    }
  },
  {
    "name": "ELSTREE",
    "icao": "EGTR",
    "location": {
      "latitude": 51.656576,
      "longitude": -0.3247032
    }
  },
  {
    "name": "ENNISKILLEN/ST ANGELO",
    "icao": "EGAB",
    "location": {
      "latitude": 54.3972867,
      "longitude": -7.6496895
    }
  },
  {
    "name": "EXETER",
    "icao": "EGTE",
    "location": {
      "latitude": 50.7349167,
      "longitude": -3.4127731
    }
  },
  {
    "name": "FAIR ISLE",
    "icao": "EGEF",
    "location": {
      "latitude": 59.5347796,
      "longitude": -1.6284978
    }
  },
  {
    "name": "FAIROAKS",
    "icao": "EGTF",
    "location": {
      "latitude": 51.3480988,
      "longitude": -0.558889
    }
  },
  {
    "name": "FARNBOROUGH",
    "icao": "EGLF",
    "location": {
      "latitude": 51.2786335,
      "longitude": -0.7704595
    }
  },
  {
    "name": "FENLAND",
    "icao": "EGCL",
    "location": {
      "latitude": 52.739181,
      "longitude": -0.029961
    }
  },
  {
    "name": "GLASGOW",
    "icao": "EGPF",
    "location": {
      "latitude": 55.870556,
      "longitude": -4.4357037
    }
  },
  {
    "name": "GLOUCESTERSHIRE",
    "icao": "EGBJ",
    "location": {
      "latitude": 51.8927545,
      "longitude": -2.1700784
    }
  },
  {
    "name": "GUERNSEY",
    "icao": "EGJB",
    "location": {
      "latitude": 49.4345733,
      "longitude": -2.6035925
    }
  },
  {
    "name": "HAVERFORDWEST",
    "icao": "EGFE",
    "location": {
      "latitude": 51.8331205,
      "longitude": -4.9610359
    }
  },
  {
    "name": "HAWARDEN",
    "icao": "EGNR",
    "location": {
      "latitude": 53.1796073,
      "longitude": -2.972866
    }
  },
  {
    "name": "HUMBERSIDE",
    "icao": "EGNJ",
    "location": {
      "latitude": 53.5713963,
      "longitude": -0.3534607
    }
  },
  {
    "name": "INVERNESS",
    "icao": "EGPE",
    "location": {
      "latitude": 57.5431461,
      "longitude": -4.0505795
    }
  },
  {
    "name": "ISLAY",
    "icao": "EGPI",
    "location": {
      "latitude": 55.682799,
      "longitude": -6.2575799
    }
  },
  {
    "name": "ISLE OF MAN",
    "icao": "EGNS",
    "location": {
      "latitude": 54.0827808,
      "longitude": -4.6269258
    }
  },
  {
    "name": "JERSEY",
    "icao": "EGJJ",
    "location": {
      "latitude": 49.2066455,
      "longitude": -2.1985384
    }
  },
  {
    "name": "KEMBLE",
    "icao": "EGBP",
    "location": {
      "latitude": 51.6660829,
      "longitude": -2.0608231
    }
  },
  {
    "name": "KIRKWALL",
    "icao": "EGPA",
    "location": {
      "latitude": 58.9576446,
      "longitude": -2.9034357
    }
  },
  {
    "name": "LAND'S END",
    "icao": "EGHC",
    "location": {
      "latitude": 50.1027274,
      "longitude": -5.6719879
    }
  },
  {
    "name": "LASHENDEN/HEADCORN",
    "icao": "EGKH",
    "location": {
      "latitude": 51.1563481,
      "longitude": 0.6419112
    }
  },
  {
    "name": "LEE-ON-SOLENT",
    "icao": "EGHF",
    "location": {
      "latitude": 50.8156025,
      "longitude": -1.2036764
    }
  },
  {
    "name": "LEEDS BRADFORD",
    "icao": "EGNM",
    "location": {
      "latitude": 53.8666504,
      "longitude": -1.6567819
    }
  },
  {
    "name": "LEEDS EAST",
    "icao": "EGCM",
    "location": {
      "latitude": 53.8368641,
      "longitude": -1.1941021
    }
  },
  {
    "name": "LEICESTER",
    "icao": "EGBG",
    "location": {
      "latitude": 52.6078167,
      "longitude": -1.0317702
    }
  },
  {
    "name": "LERWICK/TINGWALL",
    "icao": "EGET",
    "location": {
      "latitude": 60.1927138,
      "longitude": -1.2432927
    }
  },
  {
    "name": "LIVERPOOL",
    "icao": "EGGP",
    "location": {
      "latitude": 53.3360522,
      "longitude": -2.8494284
    }
  },
  {
    "name": "LONDON CITY",
    "icao": "EGLC",
    "location": {
      "latitude": 51.5042655,
      "longitude": 0.0549024
    }
  },
  {
    "name": "LONDON GATWICK",
    "icao": "EGKK",
    "location": {
      "latitude": 51.1541082,
      "longitude": -0.1823116
    }
  },
  {
    "name": "LONDON HEATHROW",
    "icao": "EGLL",
    "location": {
      "latitude": 51.4677389,
      "longitude": -0.4587801
    }
  },
  {
    "name": "LONDON LUTON",
    "icao": "EGGW",
    "location": {
      "latitude": 51.8781015,
      "longitude": -0.3664255
    }
  },
  {
    "name": "LONDON STANSTED",
    "icao": "EGSS",
    "location": {
      "latitude": 51.8869652,
      "longitude": 0.2441929
    }
  },
  {
    "name": "LONDONDERRY/EGLINTON",
    "icao": "EGAE",
    "location": {
      "latitude": 55.0418869,
      "longitude": -7.1613066
    }
  },
  {
    "name": "LYDD",
    "icao": "EGMD",
    "location": {
      "latitude": 50.9561111,
      "longitude": 0.9391667
    }
  },
  {
    "name": "MANCHESTER BARTON",
    "icao": "EGCB",
    "location": {
      "latitude": 53.4709855,
      "longitude": -2.3911646
    }
  },
  {
    "name": "MANCHESTER",
    "icao": "EGCC",
    "location": {
      "latitude": 53.350342,
      "longitude": -2.2803693
    }
  },
  {
    "name": "NETHERTHORPE",
    "icao": "EGNF",
    "location": {
      "latitude": 53.3168168,
      "longitude": -1.1955924
    }
  },
  {
    "name": "NEWCASTLE",
    "icao": "EGNT",
    "location": {
      "latitude": 55.0384201,
      "longitude": -1.696396
    }
  },
  {
    "name": "NEWQUAY",
    "icao": "EGHQ",
    "location": {
      "latitude": 50.441525,
      "longitude": -5.0115198
    }
  },
  {
    "name": "NEWTOWNARDS",
    "icao": "EGAD",
    "location": {
      "latitude": 54.5819096,
      "longitude": -5.6901368
    }
  },
  {
    "name": "NORTH RONALDSAY",
    "icao": "EGEN",
    "location": {
      "latitude": 59.3671686,
      "longitude": -2.4341177
    }
  },
  {
    "name": "NORWICH",
    "icao": "EGSH",
    "location": {
      "latitude": 52.67646,
      "longitude": 1.2818157
    }
  },
  {
    "name": "NOTTINGHAM",
    "icao": "EGBN",
    "location": {
      "latitude": 52.9192227,
      "longitude": -1.0810522
    }
  },
  {
    "name": "OBAN",
    "icao": "EGEO",
    "location": {
      "latitude": 56.4633345,
      "longitude": -5.4006484
    }
  },
  {
    "name": "OLD BUCKENHAM",
    "icao": "EGSV",
    "location": {
      "latitude": 52.5004361,
      "longitude": 1.0602379
    }
  },
  {
    "name": "OLD WARDEN",
    "icao": "EGTH",
    "location": {
      "latitude": 52.0854487,
      "longitude": -0.3198406
    }
  },
  {
    "name": "OXFORD",
    "icao": "EGTK",
    "location": {
      "latitude": 51.836796,
      "longitude": -1.3214412
    }
  },
  {
    "name": "PAPA WESTRAY",
    "icao": "EGEP",
    "location": {
      "latitude": 59.3512139,
      "longitude": -2.8986988
    }
  },
  {
    "name": "PERTH/SCONE",
    "icao": "EGPT",
    "location": {
      "latitude": 56.4397231,
      "longitude": -3.3679048
    }
  },
  {
    "name": "PRESTWICK",
    "icao": "EGPK",
    "location": {
      "latitude": 55.5023054,
      "longitude": -4.5775966
    }
  },
  {
    "name": "REDHILL",
    "icao": "EGKR",
    "location": {
      "latitude": 51.2138741,
      "longitude": -0.1400136
    }
  },
  {
    "name": "RETFORD/GAMSTON",
    "icao": "EGNE",
    "location": {
      "latitude": 53.2806015,
      "longitude": -0.951389
    }
  },
  {
    "name": "ROCHESTER",
    "icao": "EGTO",
    "location": {
      "latitude": 51.3523479,
      "longitude": 0.5049864
    }
  },
  {
    "name": "SANDAY",
    "icao": "EGES",
    "location": {
      "latitude": 59.2504586,
      "longitude": -2.5752649
    }
  },
  {
    "name": "SANDTOFT",
    "icao": "EGCF",
    "location": {
      "latitude": 53.5599277,
      "longitude": -0.8593258
    }
  },
  {
    "name": "SCILLY ISLES/ST MARY'S",
    "icao": "EGHE",
    "location": {
      "latitude": 49.9138672,
      "longitude": -6.2933103
    }
  },
  {
    "name": "SHERBURN-IN-ELMET",
    "icao": "EGCJ",
    "location": {
      "latitude": 53.7865835,
      "longitude": -1.2174286
    }
  },
  {
    "name": "SHOBDON",
    "icao": "EGBS",
    "location": {
      "latitude": 52.2436923,
      "longitude": -2.8807069
    }
  },
  {
    "name": "SHOREHAM",
    "icao": "EGKA",
    "location": {
      "latitude": 50.8356838,
      "longitude": -0.2939213
    }
  },
  {
    "name": "SLEAP",
    "icao": "EGCV",
    "location": {
      "latitude": 52.8332125,
      "longitude": -2.772895
    }
  },
  {
    "name": "SOUTHAMPTON",
    "icao": "EGHI",
    "location": {
      "latitude": 50.951915,
      "longitude": -1.3561
    }
  },
  {
    "name": "SOUTHEND",
    "icao": "EGMC",
    "location": {
      "latitude": 51.5702276,
      "longitude": 0.6966133
    }
  },
  {
    "name": "ST ATHAN",
    "icao": "EGSY",
    "location": {
      "latitude": 51.40436,
      "longitude": -3.4323332
    }
  },
  {
    "name": "STAPLEFORD",
    "icao": "EGSG",
    "location": {
      "latitude": 51.6527649,
      "longitude": 0.1547455
    }
  },
  {
    "name": "STORNOWAY",
    "icao": "EGPO",
    "location": {
      "latitude": 58.2143763,
      "longitude": -6.3265248
    }
  },
  {
    "name": "STRONSAY",
    "icao": "EGER",
    "location": {
      "latitude": 59.154877,
      "longitude": -2.6418661
    }
  },
  {
    "name": "SUMBURGH",
    "icao": "EGPB",
    "location": {
      "latitude": 59.8769932,
      "longitude": -1.2903332
    }
  },
  {
    "name": "SWANSEA",
    "icao": "EGFH",
    "location": {
      "latitude": 51.6042271,
      "longitude": -4.069261
    }
  },
  {
    "name": "TATENHILL",
    "icao": "EGBM",
    "location": {
      "latitude": 52.8139714,
      "longitude": -1.7660832
    }
  },
  {
    "name": "TEESSIDE INTERNATIONAL",
    "icao": "EGNV",
    "location": {
      "latitude": 54.5094106,
      "longitude": -1.4247903
    }
  },
  {
    "name": "THRUXTON",
    "icao": "EGHO",
    "location": {
      "latitude": 51.208898,
      "longitude": -1.6010957
    }
  },
  {
    "name": "TIREE",
    "icao": "EGPU",
    "location": {
      "latitude": 56.5003869,
      "longitude": -6.8716129
    }
  },
  {
    "name": "WALNEY",
    "icao": "EGNL",
    "location": {
      "latitude": 54.1279751,
      "longitude": -3.2613564
    }
  },
  {
    "name": "WARTON",
    "icao": "EGNO",
    "location": {
      "latitude": 53.7440449,
      "longitude": -2.8863127
    }
  },
  {
    "name": "WELLESBOURNE MOUNTFORD",
    "icao": "EGBW",
    "location": {
      "latitude": 52.1928407,
      "longitude": -1.6144564
    }
  },
  {
    "name": "WELSHPOOL",
    "icao": "EGCW",
    "location": {
      "latitude": 52.628389,
      "longitude": -3.1535374
    }
  },
  {
    "name": "WEST WALES/ABERPORTH",
    "icao": "EGFA",
    "location": {
      "latitude": 52.1158612,
      "longitude": -4.5554599
    }
  },
  {
    "name": "WESTRAY",
    "icao": "EGEW",
    "location": {
      "latitude": 59.3508284,
      "longitude": -2.9490749
    }
  },
  {
    "name": "WHITE WALTHAM",
    "icao": "EGLM",
    "location": {
      "latitude": 51.4990873,
      "longitude": -0.7737371
    }
  },
  {
    "name": "WICK",
    "icao": "EGPC",
    "location": {
      "latitude": 58.4586305,
      "longitude": -3.0925678
    }
  },
  {
    "name": "WICKENBY",
    "icao": "EGNW",
    "location": {
      "latitude": 53.3168329,
      "longitude": -0.3470417
    }
  },
  {
    "name": "WOLVERHAMPTON/HALFPENNY GREEN",
    "icao": "EGBO",
    "location": {
      "latitude": 52.5173585,
      "longitude": -2.2622107
    }
  },
  {
    "name": "WYCOMBE AIR PARK/BOOKER",
    "icao": "EGTB",
    "location": {
      "latitude": 51.6097793,
      "longitude": -0.806797
    }
  },
  {
    "name": "YEOVIL/WESTLAND",
    "icao": "EGHG",
    "location": {
      "latitude": 50.9395576,
      "longitude": -2.6579872
    }
  },
  {
    "name": "BABICE AIRPORT",
    "icao": "EPBC",
    "location": {
      "latitude": 52.2648538,
      "longitude": 20.9222516
    }
  },
  {
    "name": "BIA\u0141A PODLASKA AIRFIELD",
    "icao": "EPBP",
    "location": {
      "latitude": null,
      "longitude": null
    }
  },
  {
    "name": "BIELSKO BIALA AIRPORT",
    "icao": "EPBA",
    "location": {
      "latitude": 49.8050359,
      "longitude": 19.0027903
    }
  },
  {
    "name": "BYDGOSZCZ IGNACY JAN PADEREWSKI AIRPORT",
    "icao": "EPBY",
    "location": {
      "latitude": 53.0976768,
      "longitude": 17.9787833
    }
  },
  {
    "name": "CEWICE AIR BASE",
    "icao": "EPCE",
    "location": {
      "latitude": 54.419071,
      "longitude": 17.7696608
    }
  },
  {
    "name": "COPERNICUS WROC\u0141AW AIRPORT",
    "icao": "EPWR",
    "location": {
      "latitude": 51.1037829,
      "longitude": 16.8885446
    }
  },
  {
    "name": "DEBLIN MILITARY AIR BASE",
    "icao": "EPDE",
    "location": {
      "latitude": 51.5516913,
      "longitude": 21.8873709
    }
  },
  {
    "name": "GDA\u0143SK LECH WA\u0141\u0118SA AIRPORT",
    "icao": "EPGD",
    "location": {
      "latitude": 54.3762064,
      "longitude": 18.4744551
    }
  },
  {
    "name": "G\u00d3RASZKA AIRPORT",
    "icao": "EPGO",
    "location": {
      "latitude": null,
      "longitude": null
    }
  },
  {
    "name": "INOWROCLAW MILITARY AIR BASE",
    "icao": "EPIR",
    "location": {
      "latitude": 52.8278055,
      "longitude": 18.3255545
    }
  },
  {
    "name": "JASTARNIA AIRPORT",
    "icao": "EPJA",
    "location": {
      "latitude": 54.7111074,
      "longitude": 18.6433557
    }
  },
  {
    "name": "JELENIA G\u00d3RA GLIDER AIRPORT",
    "icao": "EPJG",
    "location": {
      "latitude": 50.8986031,
      "longitude": 15.7846954
    }
  },
  {
    "name": "KATOWICE INTERNATIONAL AIRPORT",
    "icao": "EPKT",
    "location": {
      "latitude": 50.4759985,
      "longitude": 19.0849163
    }
  },
  {
    "name": "KRAK\u00d3W JOHN PAUL II INTERNATIONAL AIRPORT",
    "icao": "EPKK",
    "location": {
      "latitude": 50.0782553,
      "longitude": 19.7862538
    }
  },
  {
    "name": "KRZESINY MILITARY AIR BASE",
    "icao": "EPKS",
    "location": {
      "latitude": 52.3282889,
      "longitude": 16.9675802
    }
  },
  {
    "name": "LASK MILITARY AIR BASE",
    "icao": "EPLK",
    "location": {
      "latitude": 51.5539145,
      "longitude": 19.1788118
    }
  },
  {
    "name": "LECZYCA MILITARY AIR BASE",
    "icao": "EPLY",
    "location": {
      "latitude": 52.0025387,
      "longitude": 19.149569
    }
  },
  {
    "name": "LOTNISKO KORNE",
    "icao": "EPKO",
    "location": {
      "latitude": 54.1309185,
      "longitude": 17.8462034
    }
  },
  {
    "name": "LUBLIN AIRPORT",
    "icao": "EPLB",
    "location": {
      "latitude": 51.2382459,
      "longitude": 22.7067517
    }
  },
  {
    "name": "MALBORK MILITARY AIR BASE",
    "icao": "EPMB",
    "location": {
      "latitude": 54.0266347,
      "longitude": 19.1252447
    }
  },
  {
    "name": "MIELEC AIRPORT",
    "icao": "EPML",
    "location": {
      "latitude": 50.3230107,
      "longitude": 21.4643914
    }
  },
  {
    "name": "MINSK MAZOWIECKI MILITARY AIR BASE",
    "icao": "EPMM",
    "location": {
      "latitude": 52.1931815,
      "longitude": 21.6616665
    }
  },
  {
    "name": "MIROSLAWIEC MILITARY AIR BASE",
    "icao": "EPMI",
    "location": {
      "latitude": 53.3950996,
      "longitude": 16.0827999
    }
  },
  {
    "name": "MODLIN AIRPORT",
    "icao": "EPMO",
    "location": {
      "latitude": 52.4508857,
      "longitude": 20.6489881
    }
  },
  {
    "name": "MUCHOWIEC AIRPORT",
    "icao": "EPKM",
    "location": {
      "latitude": 50.2380447,
      "longitude": 19.0337928
    }
  },
  {
    "name": "OKSYWIE MILITARY AIR BASE",
    "icao": "EPOK",
    "location": {
      "latitude": 54.5790248,
      "longitude": 18.5200209
    }
  },
  {
    "name": "OLSZTYN-MAZURY AIRPORT",
    "icao": "EPSY",
    "location": {
      "latitude": 53.4807255,
      "longitude": 20.9374985
    }
  },
  {
    "name": "POWIDZ MILITARY AIR BASE",
    "icao": "EPPW",
    "location": {
      "latitude": 52.3828533,
      "longitude": 17.8478747
    }
  },
  {
    "name": "POZNA\u0143-\u0141AWICA AIRPORT",
    "icao": "EPPO",
    "location": {
      "latitude": 52.420564,
      "longitude": 16.8317925
    }
  },
  {
    "name": "PRUSZCZ GDANSKI AIR BASE",
    "icao": "EPPR",
    "location": {
      "latitude": 54.2472925,
      "longitude": 18.677639
    }
  },
  {
    "name": "RADOM AIRPORT",
    "icao": "EPRA",
    "location": {
      "latitude": 51.3887455,
      "longitude": 21.2144775
    }
  },
  {
    "name": "REDZIKOWO AIR BASE",
    "icao": "EPSK",
    "location": {
      "latitude": 54.4089483,
      "longitude": 17.0957395
    }
  },
  {
    "name": "RZESZ\u00d3W-JASIONKA AIRPORT",
    "icao": "EPRZ",
    "location": {
      "latitude": 50.1114817,
      "longitude": 22.0184362
    }
  },
  {
    "name": "SUWA\u0141KI AIRPORT",
    "icao": "EPSU",
    "location": {
      "latitude": 54.0730138,
      "longitude": 22.893868
    }
  },
  {
    "name": "SWIDWIN MILITARY AIR BASE",
    "icao": "EPSN",
    "location": {
      "latitude": 53.7905395,
      "longitude": 15.8238226
    }
  },
  {
    "name": "SZCZECIN-D\u0104BIE AIRPORT",
    "icao": "EPSD",
    "location": {
      "latitude": 53.3933487,
      "longitude": 14.6319755
    }
  },
  {
    "name": "SZCZECIN-GOLENI\u00d3W \"SOLIDARNO\u015a\u0106\" AIRPORT",
    "icao": "EPSC",
    "location": {
      "latitude": 53.5843896,
      "longitude": 14.905944
    }
  },
  {
    "name": "TOMASZOW MAZOWIECKI MILITARY AIR BASE",
    "icao": "EPTM",
    "location": {
      "latitude": 51.5851832,
      "longitude": 20.0923541
    }
  },
  {
    "name": "WARSAW CHOPIN AIRPORT",
    "icao": "EPWA",
    "location": {
      "latitude": 52.1630651,
      "longitude": 20.9708149
    }
  },
  {
    "name": "ZIELONA G\u00d3RA-BABIMOST AIRPORT",
    "icao": "EPZG",
    "location": {
      "latitude": 52.1387061,
      "longitude": 15.7972873
    }
  },
  {
    "name": "\u0141\u00d3D\u0179 W\u0141ADYS\u0141AW REYMONT AIRPORT",
    "icao": "EPLL",
    "location": {
      "latitude": 51.7208515,
      "longitude": 19.3967025
    }
  }
]