[
    {
        "name": "Maps",
        "file": "map.py",
        "icon": "maps.png",
        "description": "View and interact with maps in Open Flight Bag.",
        "version": "1.0.0"
    },
    {
        "name": "Planner",
        "file": "planner.py",
        "icon": "planner.png",
        "description": "Plan and manage your flights with the Flight Planner app.",
        "version": "1.0.0"
    },
    {
        "name": "Settings",
        "file": "settings.py",
        "icon": "settings.png",
        "description": "Configure Open Flight Bag settings.",
        "version": "1.0.0"
    },
    {
        "name": "Store",
        "file": "store.py",
        "icon": "store.png",
        "description": "Browse and install apps for Open Flight Bag.",
        "version": "1.0.0"
    }

]